⏭️ Skipped on Fri Jun 27 12:47:10 UTC 2025 for realism
⏭️ Skipped on Fri Jul 11 12:47:50 UTC 2025 for realism
⏭️ Skipped on Wed Jul 16 12:51:15 UTC 2025 for realism
⏭️ Skipped on Sat Jul 19 12:45:24 UTC 2025 for realism
⏭️ Skipped on Mon Jul 28 12:52:48 UTC 2025 for realism
⏭️ Skipped on Fri Aug  1 12:52:15 UTC 2025 for realism
⏭️ Skipped on Mon Aug 25 12:47:56 UTC 2025 for realism
⏭️ Skipped on Fri Sep 19 12:44:05 UTC 2025 for realism
⏭️ Skipped on Tue Oct 14 12:49:01 UTC 2025 for realism
⏭️ Skipped on Tue Oct 21 12:49:01 UTC 2025 for realism
⏭️ Skipped on Sat Nov  1 12:40:45 UTC 2025 for realism
⏭️ Skipped on Sun Nov 23 12:40:12 UTC 2025 for realism
⏭️ Skipped on Wed Dec  3 12:52:27 UTC 2025 for realism
⏭️ Skipped on Mon Dec  8 12:50:48 UTC 2025 for realism
⏭️ Skipped on Fri Dec 12 12:51:48 UTC 2025 for realism
⏭️ Skipped on Sun Dec 21 12:46:09 UTC 2025 for realism
⏭️ Skipped on Sun Jan  4 12:48:41 UTC 2026 for realism
